url;статус;волна;целевой_ключ;частота_фраз;Title;Description;Keywords;H1
/;существует;3;секс шоп;25592;Секс-шоп Pecado — интернет-магазин товаров для взрослых;Секс-шоп Pecado: вибраторы, фаллоимитаторы, смазки, бельё, БАДы. Анонимная доставка по России, конфиденциальная упаковка. В наличии, выгодные цены.;секс шоп, интим магазин, товары для взрослых, секс шоп онлайн, секс шоп доставка, интернет магазин для взрослых;Секс-шоп Pecado
/categories/seks-igruski;существует;3;секс игрушки купить;5925;Секс-игрушки — купить с доставкой, большой выбор | Pecado;Секс-игрушки для женщин, мужчин и пар: вибраторы, фаллоимитаторы, анальные игрушки, мастурбаторы. Анонимная доставка по России. В наличии.;секс игрушки купить, секс игрушки для женщин, секс игрушки для мужчин, интим игрушки, секс игрушки для пар;Секс-игрушки
/categories/vibratory;существует;3;купить вибратор;1809;Вибраторы — купить женский вибратор с доставкой | Pecado;Вибраторы в Pecado: женские, клиторальные, реалистичные, вибропули, виброяйца. Анонимная доставка по России, конфиденциальная упаковка. В наличии.;купить вибратор, женский вибратор, вибратор для клитора, реалистичный вибратор, аккумуляторный вибратор, вибратор с пультом;Вибраторы
/categories/realisticnye-vibratory;существует;1;реалистичный вибратор купить;80;Реалистичные вибраторы — купить с доставкой | Pecado;Реалистичные вибраторы в форме члена: с венками, разных размеров, силиконовые. Анонимная доставка по России. В наличии, выгодные цены.;реалистичный вибратор купить, вибратор реалистичный, вибратор в виде члена, силиконовый вибратор;Реалистичные вибраторы
/categories/nerealisticnye-vibratory;существует;2;вибратор купить;1809;Нереалистичные вибраторы — купить с доставкой | Pecado;Нереалистичные вибраторы: гладкие, дизайнерские, ярких форм. Анонимная доставка по России, конфиденциальная упаковка. В наличии.;нереалистичный вибратор, вибратор купить, дизайнерский вибратор, гладкий вибратор;Нереалистичные вибраторы
/categories/vibratory-s-klitoralnym-stimuliatorom;существует;1;вибратор кролик купить;111;Вибраторы с клиторальным стимулятором (кролик) | Pecado;Вибраторы-кролики с двойной стимуляцией: точка G и клитор одновременно. Анонимная доставка по России. В наличии, выгодные цены.;вибратор кролик купить, вибратор с клиторальным стимулятором, вибратор кролик, двойной вибратор;Вибраторы с клиторальным стимулятором
/categories/stimuliatory-dlia-tocki-g;существует;1;вибратор для точки g купить;17;Стимуляторы для точки G — купить | Pecado;Вибраторы и стимуляторы для точки G: изогнутые, с подсветкой, разной мощности. Анонимная доставка по России. В наличии.;вибратор для точки g купить, стимулятор точки g, вибратор точка g, изогнутый вибратор;Стимуляторы для точки G
/categories/vibroiaica;существует;1;купить виброяйцо;220;Виброяйца — купить виброяйцо с пультом | Pecado;Виброяйца и виброшарики с пультом и управлением со смартфона. Анонимная доставка по России, конфиденциальная упаковка. В наличии.;купить виброяйцо, виброяйцо с пультом, виброяйцо, виброшарик;Виброяйца
/categories/vibropuli;существует;1;вибропуля купить;122;Вибропули — купить компактную вибропулю | Pecado;Вибропули и мини-вибраторы: компактные, мощные, перезаряжаемые. Анонимная доставка по России, конфиденциальная упаковка. В наличии.;вибропуля купить, мини вибратор купить, вибропуля, компактный вибратор;Вибропули
/categories/pulsatory;существует;1;пульсатор купить;71;Пульсаторы — купить пульсатор с доставкой | Pecado;Пульсаторы с возвратно-поступательными движениями: Fun Factory Stronic и другие. Анонимная доставка по России. В наличии.;пульсатор купить, пульсатор fun factory, пульсатор stronic, секс пульсатор;Пульсаторы
/categories/rotatory;существует;2;ротатор вибратор купить;30;Ротаторы — вибраторы с вращением, купить | Pecado;Ротаторы — вибраторы с вращающейся головкой и стимуляцией точки G. Анонимная доставка по России. В наличии, выгодные цены.;ротатор купить, вибратор с вращением, ротатор вибратор;Ротаторы
/categories/vibratory-dlia-par;существует;1;вибратор для пар купить;46;Вибраторы для пар — купить с доставкой | Pecado;Вибраторы для пар: надеваемые, с пультом, для совместного использования. Анонимная доставка по России. В наличии.;вибратор для пар купить, вибратор для пары, парный вибратор, вибратор для двоих;Вибраторы для пар
/categories/dvustoronnie-vibratory;существует;2;двусторонний вибратор купить;30;Двусторонние вибраторы — купить | Pecado;Двусторонние вибраторы для двойной стимуляции и пар. Анонимная доставка по России, конфиденциальная упаковка. В наличии.;двусторонний вибратор купить, двойной вибратор, вибратор для двоих;Двусторонние вибраторы
/categories/analno-vaginalnye-vibratory;существует;2;анально-вагинальный вибратор;15;Анально-вагинальные вибраторы — купить | Pecado;Анально-вагинальные вибраторы для двойного проникновения. Анонимная доставка по России. В наличии, выгодные цены.;анально вагинальный вибратор, вибратор для двойного проникновения, двойной вибратор;Анально-вагинальные вибраторы
/categories/fantaziinye-vibratory;существует;2;фантазийный вибратор купить;20;Фантазийные вибраторы — необычные формы | Pecado;Фантазийные вибраторы необычных дизайнов и форм. Анонимная доставка по России, конфиденциальная упаковка. В наличии.;фантазийный вибратор, необычный вибратор, дизайнерский вибратор;Фантазийные вибраторы
/categories/nabory-vibratorov;существует;2;набор вибраторов купить;20;Наборы вибраторов — купить комплект | Pecado;Наборы и комплекты вибраторов по выгодной цене. Анонимная доставка по России, конфиденциальная упаковка. В наличии.;набор вибраторов купить, комплект вибраторов, вибраторы набором;Наборы вибраторов
/categories/aksessuary-dlia-vibratorov;существует;—;аксессуары для вибраторов;5;Аксессуары для вибраторов — купить | Pecado;Аксессуары и насадки для вибраторов. Анонимная доставка по России, конфиденциальная упаковка. В наличии.;аксессуары для вибраторов, насадки для вибраторов;Аксессуары для вибраторов
/categories/falloimitatory;существует;3;купить фаллоимитатор;1347;Фаллоимитаторы и дилдо — купить реалистичный | Pecado;Фаллоимитаторы и дилдо: реалистичные, на присоске, силиконовые, большие. Анонимная доставка по России, конфиденциальная упаковка. В наличии.;купить фаллоимитатор, купить дилдо, реалистичный фаллоимитатор, фаллоимитатор на присоске, силиконовый фаллоимитатор;Фаллоимитаторы
/categories/realisticnye-falloimitatory;существует;1;реалистичный фаллоимитатор купить;146;Реалистичные фаллоимитаторы — купить | Pecado;Реалистичные фаллоимитаторы с венками и мошонкой, на присоске. Анонимная доставка по России. В наличии, выгодные цены.;реалистичный фаллоимитатор купить, фаллоимитатор реалистик, реалистичный дилдо, фаллоимитатор на присоске;Реалистичные фаллоимитаторы
/categories/nerealisticnye-falloimitatory;существует;2;фаллоимитатор купить;1347;Нереалистичные фаллоимитаторы — купить | Pecado;Нереалистичные фаллоимитаторы: гладкие, цветные, разных форм. Анонимная доставка по России, конфиденциальная упаковка. В наличии.;нереалистичный фаллоимитатор, гладкий фаллоимитатор, цветной фаллоимитатор;Нереалистичные фаллоимитаторы
/categories/analnye-falloimitatory;существует;1;анальный фаллоимитатор купить;123;Анальные фаллоимитаторы — купить с доставкой | Pecado;Анальные фаллоимитаторы и дилдо на присоске для анальной стимуляции. Анонимная доставка по России. В наличии.;анальный фаллоимитатор купить, анальный дилдо, фаллоимитатор для ануса;Анальные фаллоимитаторы
/categories/dvustoronnie-falloimitatory;существует;2;двусторонний фаллоимитатор;54;Двусторонние фаллоимитаторы — купить | Pecado;Двусторонние фаллоимитаторы и дилдо для двойного использования. Анонимная доставка по России. В наличии, выгодные цены.;двусторонний фаллоимитатор, двойной фаллоимитатор, двусторонний дилдо;Двусторонние фаллоимитаторы
/categories/gigantskie-falloimitatory-fisting;существует;1;большой фаллоимитатор купить;211;Гигантские фаллоимитаторы для фистинга — купить | Pecado;Огромные и гигантские фаллоимитаторы для фистинга. Анонимная доставка по России, конфиденциальная упаковка. В наличии.;большой фаллоимитатор купить, огромный фаллоимитатор, гигантский дилдо, фаллоимитатор для фистинга;Гигантские фаллоимитаторы и фистинг
/categories/analno-vaginalnye-falloimitatory;существует;2;фаллоимитатор для двойного проникновения;20;Анально-вагинальные фаллоимитаторы — купить | Pecado;Фаллоимитаторы для двойного проникновения. Анонимная доставка по России, конфиденциальная упаковка. В наличии.;анально вагинальный фаллоимитатор, фаллоимитатор двойное проникновение;Анально-вагинальные фаллоимитаторы
/categories/fantaziinye-falloimitatory;существует;1;фантазийный фаллоимитатор;13;Фантазийные фаллоимитаторы — конский, дракон | Pecado;Фантазийные фаллоимитаторы: конский, дракона, необычных форм. Анонимная доставка по России. В наличии, выгодные цены.;фантазийный фаллоимитатор, конский фаллоимитатор, фаллоимитатор дракона, необычный фаллоимитатор;Фантазийные фаллоимитаторы
/categories/analnye-igruski;существует;3;анальная пробка купить;722;Анальные игрушки — купить пробку, бусы, стимулятор | Pecado;Анальные игрушки: пробки, бусы, стимуляторы простаты, вибраторы. Анонимная доставка по России, конфиденциальная упаковка. В наличии.;анальная пробка купить, анальные игрушки, анальные шарики купить, стимулятор простаты купить, анальный вибратор;Анальные игрушки
/categories/analnye-probki-i-vtulki;существует;1;купить анальную пробку;722;Анальные пробки и втулки — купить с доставкой | Pecado;Анальные пробки и втулки: силиконовые, металлические, стеклянные, для начинающих. Анонимная доставка по России. В наличии.;купить анальную пробку, анальная пробка силиконовая, металлическая анальная пробка, анальная пробка для начинающих;Анальные пробки и втулки
/categories/analnye-vtulki-s-ukraseniiami;существует;1;анальная пробка с хвостом купить;27;Анальные пробки с украшениями и хвостом — купить | Pecado;Анальные пробки с хвостом, кристаллом и украшениями. Анонимная доставка по России, конфиденциальная упаковка. В наличии.;анальная пробка с хвостом купить, анальная пробка с кристаллом, анальная пробка хвост;Анальные пробки с украшениями
/categories/analnye-sariki-cepocki-elocki;существует;1;анальные шарики купить;144;Анальные шарики, цепочки и ёлочки — купить | Pecado;Анальные шарики, цепочки и ёлочки разного диаметра. Анонимная доставка по России, конфиденциальная упаковка. В наличии.;анальные шарики купить, анальные бусы купить, анальная цепочка, анальная ёлочка;Анальные шарики, цепочки и ёлочки
/categories/analnye-vibratory;существует;1;анальный вибратор купить;255;Анальные вибраторы — купить с доставкой | Pecado;Анальные вибраторы с пультом и без, для мужчин и женщин. Анонимная доставка по России, конфиденциальная упаковка. В наличии.;анальный вибратор купить, анальный вибратор для мужчин, вибропробка, анальная пробка с вибрацией;Анальные вибраторы
/categories/stimuliator-prostaty;существует;1;стимулятор простаты купить;60;Стимуляторы простаты — купить массажер простаты | Pecado;Стимуляторы и массажеры простаты с вибрацией и без. Анонимная доставка по России, конфиденциальная упаковка. В наличии.;стимулятор простаты купить, массажер простаты, стимулятор простаты с вибрацией;Стимуляторы простаты
/categories/gigantskie-analnye-stimuliatory;существует;2;большая анальная пробка купить;111;Гигантские анальные стимуляторы — купить | Pecado;Большие и гигантские анальные стимуляторы для опытных. Анонимная доставка по России. В наличии, выгодные цены.;большая анальная пробка купить, огромная анальная пробка, гигантский анальный стимулятор;Гигантские анальные стимуляторы
/categories/nabory-analnyx-igrusek;существует;2;набор анальных пробок купить;44;Наборы анальных игрушек — купить комплект | Pecado;Наборы анальных пробок и игрушек разного размера для прогрессии. Анонимная доставка по России. В наличии.;набор анальных пробок купить, набор анальных игрушек, комплект анальных пробок;Наборы анальных игрушек
/categories/gigiena-dlia-analnogo-seksa;существует;2;гигиена для анального секса;15;Гигиена для анального секса — купить | Pecado;Средства гигиены для анального секса: анальный душ, очистители. Анонимная доставка по России. В наличии.;гигиена для анального секса, анальный душ купить, анальный душ;Гигиена для анального секса
/categories/masturbatory;существует;3;купить мастурбатор;604;Мастурбаторы — купить мужской мастурбатор | Pecado;Мастурбаторы: реалистичные, автоматические, с вибрацией и подогревом, вагины. Анонимная доставка по России. В наличии.;купить мастурбатор, мужской мастурбатор, мастурбатор вагина, автоматический мастурбатор, мастурбатор с вибрацией;Мастурбаторы
/categories/realisticnye-masturbatory;существует;1;реалистичный мастурбатор купить;57;Реалистичные мастурбаторы — вагины, попы | Pecado;Реалистичные мастурбаторы: вагины, попы, торсы из киберкожи. Анонимная доставка по России, конфиденциальная упаковка. В наличии.;реалистичный мастурбатор купить, мастурбатор вагина, мастурбатор попа, мастурбатор торс;Реалистичные мастурбаторы
/categories/nerealisticnye-masturbatory;существует;2;мастурбатор купить;604;Нереалистичные мастурбаторы — купить | Pecado;Нереалистичные мастурбаторы и яйца-мастурбаторы. Анонимная доставка по России, конфиденциальная упаковка. В наличии.;мастурбатор купить, мастурбатор яйцо, нереалистичный мастурбатор, tenga;Нереалистичные мастурбаторы
/categories/aksessuary-dlia-masturbatorov;существует;—;аксессуары для мастурбаторов;5;Аксессуары для мастурбаторов — купить | Pecado;Аксессуары, вкладыши и смазки для мастурбаторов. Анонимная доставка по России. В наличии.;аксессуары для мастурбаторов, вкладыш для мастурбатора;Аксессуары для мастурбаторов
/categories/strapony;существует;3;купить страпон;1053;Страпоны — купить страпон, безремневой и двойной | Pecado;Страпоны: безремневые, двойные, мужские, женские, с вибрацией. Анонимная доставка по России, конфиденциальная упаковка. В наличии.;купить страпон, безремневой страпон, двойной страпон, мужской страпон, женский страпон;Страпоны
/categories/bezremnevye-strapony;существует;1;безремневой страпон купить;52;Безремневые страпоны — купить страпон без ремней | Pecado;Безремневые страпоны для женщин: полые и сплошные. Анонимная доставка по России, конфиденциальная упаковка. В наличии.;безремневой страпон купить, страпон без ремней, безремневые страпоны;Безремневые страпоны
/categories/strapony-na-kreplenii;существует;1;купить страпон на ремнях;59;Страпоны на креплении — купить с трусиками | Pecado;Страпоны на креплении и ремнях, с трусиками. Анонимная доставка по России, конфиденциальная упаковка. В наличии.;купить страпон на ремнях, страпон с трусиками, страпон на креплении;Страпоны на креплении
/categories/trusiki-dlia-straponov;существует;2;трусики для страпона купить;15;Трусики для страпона — купить с доставкой | Pecado;Трусики и крепления для страпонов. Анонимная доставка по России, конфиденциальная упаковка. В наличии.;трусики для страпона купить, трусы со страпоном, крепление для страпона;Трусики для страпонов
/categories/nasadki-dlia-straponov;существует;2;насадка для страпона;30;Насадки для страпонов — купить | Pecado;Сменные насадки и фаллоимитаторы для страпонов. Анонимная доставка по России. В наличии, выгодные цены.;насадка для страпона, дилдо для страпона, фаллоимитатор для страпона;Насадки для страпонов
/categories/kolca-i-nasadki;существует;3;купить насадку на член;489;Кольца и насадки на член — купить с доставкой | Pecado;Эрекционные кольца, виброкольца и насадки на член: удлиняющие, утолщающие. Анонимная доставка по России. В наличии.;купить насадку на член, эрекционное кольцо купить, виброкольцо купить, насадка удлиняющая, кольцо на член;Кольца и насадки
/categories/kolca-na-penis;существует;1;эрекционное кольцо купить;407;Эрекционные кольца на пенис — купить | Pecado;Эрекционные кольца и виброкольца для продления эрекции. Анонимная доставка по России, конфиденциальная упаковка. В наличии.;эрекционное кольцо купить, кольцо на член, виброкольцо купить, эрекционное виброкольцо;Кольца на пенис
/categories/nasadki-na-penis;существует;1;купить насадку на член;489;Насадки на член — удлиняющие и утолщающие | Pecado;Насадки на член: удлиняющие, утолщающие, с шипами, реалистичные. Анонимная доставка по России, конфиденциальная упаковка. В наличии.;купить насадку на член, насадка удлиняющая, насадка утолщающая, насадка с вибрацией, насадка на член с шипами;Насадки на член
/categories/nasadki-na-palcy;существует;2;насадка на палец купить;10;Насадки на пальцы — купить с доставкой | Pecado;Вибронасадки и стимуляторы на пальцы. Анонимная доставка по России, конфиденциальная упаковка. В наличии.;насадка на палец купить, вибронасадка на палец, стимулятор на палец;Насадки на пальцы
/categories/lasso-i-utiazki-na-penis;существует;2;утяжка на член купить;10;Лассо и утяжки на пенис — купить | Pecado;Лассо и утяжки на пенис и мошонку. Анонимная доставка по России, конфиденциальная упаковка. В наличии.;утяжка на член купить, лассо на пенис, утяжка на мошонку;Лассо и утяжки на пенис
/categories/povodki-i-utiazki-na-penis;существует;—;поводок на член;5;Поводки и утяжки на пенис — купить | Pecado;Поводки и утяжки на пенис для игр с доминированием. Анонимная доставка по России. В наличии.;поводок на член, утяжка на пенис, поводок на пенис;Поводки и утяжки на пенис
/categories/nabory-kolec-i-nasadok;существует;2;набор эрекционных колец;10;Наборы колец и насадок — купить комплект | Pecado;Наборы эрекционных колец и насадок на член. Анонимная доставка по России, конфиденциальная упаковка. В наличии.;набор эрекционных колец, набор колец на член, комплект насадок;Наборы колец и насадок
/categories/pompy;существует;3;купить вакуумную помпу;47;Вакуумные помпы — для мужчин и женщин | Pecado;Вакуумные помпы для пениса, клитора, груди. Анонимная доставка по России, конфиденциальная упаковка. В наличии.;купить вакуумную помпу, помпа для члена, помпа для клитора, вакуумная помпа для мужчин;Вакуумные помпы
/categories/pompy-dlia-penisa;существует;1;помпа для члена купить;108;Помпы для пениса — купить вакуумную помпу | Pecado;Вакуумные помпы для пениса: ручные, автоматические, с манометром. Анонимная доставка по России. В наличии.;помпа для члена купить, вакуумная помпа для члена, помпа для пениса, мужская помпа;Помпы для пениса
/categories/pompy-dlia-klitora-i-vaginy;существует;1;помпа для клитора купить;20;Помпы для клитора и вагины — купить | Pecado;Вакуумные помпы для клитора и вагины с вибрацией и без. Анонимная доставка по России. В наличии, выгодные цены.;помпа для клитора купить, помпа для вагины, вакуумная помпа для женщин;Помпы для клитора и вагины
/categories/pompy-dlia-grudi;существует;2;помпа для груди купить;15;Помпы для груди и сосков — купить | Pecado;Вакуумные помпы для груди и сосков. Анонимная доставка по России, конфиденциальная упаковка. В наличии.;помпа для груди купить, помпа для сосков, вакуумная помпа для груди;Помпы для груди
/categories/aksessuary-dlia-pomp;существует;—;аксессуары для помп;5;Аксессуары для помп — насадки и манжеты | Pecado;Сменные насадки, манжеты и аксессуары для вакуумных помп. Анонимная доставка по России. В наличии.;аксессуары для помп, насадка для помпы, манжета для помпы;Аксессуары для помп
/categories/seks-kukly;существует;3;купить секс куклу;3680;Секс-куклы — купить реалистичную силиконовую куклу | Pecado;Секс-куклы: реалистичные, силиконовые, надувные, в полный рост, торсы. Анонимная доставка по России, конфиденциальная упаковка.;купить секс куклу, реалистичная секс кукла, силиконовая секс кукла, надувная секс кукла, секс кукла в полный рост;Секс-куклы
/categories/muzciny;существует;2;секс кукла мужчина купить;31;Секс-куклы мужчины — купить мужскую куклу | Pecado;Реалистичные секс-куклы мужчины и торсы. Анонимная доставка по России, конфиденциальная упаковка. В наличии.;секс кукла мужчина купить, мужская секс кукла, кукла мужчина;Секс-куклы мужчины
/categories/zenshhiny;существует;2;секс кукла женщина купить;104;Секс-куклы женщины — реалистичные, купить | Pecado;Реалистичные секс-куклы женщины: силиконовые, в полный рост, торсы. Анонимная доставка по России. В наличии.;секс кукла женщина купить, женская секс кукла, реалистичная секс кукла;Секс-куклы женщины
/categories/transseksualy;существует;—;секс кукла транс купить;161;Секс-куклы трансы — купить с доставкой | Pecado;Секс-куклы трансов с реалистичными деталями. Анонимная доставка по России, конфиденциальная упаковка. В наличии.;секс кукла транс купить, кукла транссексуал, секс кукла с членом;Секс-куклы трансы
/categories/aksessuary-dlia-seks-kukol;существует;—;аксессуары для секс кукол;10;Аксессуары для секс-кукол — купить | Pecado;Аксессуары и сменные части для секс-кукол. Анонимная доставка по России, конфиденциальная упаковка. В наличии.;аксессуары для секс кукол, сменный член для куклы, насадка для секс куклы;Аксессуары для секс-кукол
/categories/stimuliatory-klitora-i-naruznyx-intimnyx-zon;существует;2;стимулятор клитора купить;108;Стимуляторы клитора — вакуумные и вибро | Pecado;Стимуляторы клитора: вакуумно-волновые, вибромассажеры наружных зон. Анонимная доставка по России. В наличии.;стимулятор клитора купить, вакуумный стимулятор клитора, клиторальный стимулятор, вибромассажер клитора;Стимуляторы клитора и наружных интимных зон
/categories/vakuumnye-stimuliatory-klitora;существует;1;вакуумный стимулятор клитора купить;24;Вакуумные стимуляторы клитора — купить | Pecado;Вакуумно-волновые стимуляторы клитора (бесконтактные). Анонимная доставка по России, конфиденциальная упаковка. В наличии.;вакуумный стимулятор клитора купить, вакуумно волновой стимулятор, бесконтактный стимулятор клитора;Вакуумные стимуляторы клитора
/categories/vibromassazery-klitora-i-naruznyx-intimnyx-zon;существует;2;вибромассажер клитора;10;Вибромассажеры клитора и наружных зон — купить | Pecado;Вибромассажеры для клитора и наружных интимных зон. Анонимная доставка по России. В наличии, выгодные цены.;вибромассажер клитора, массажер клитора, стимулятор наружных зон;Вибромассажеры клитора
/categories/vaginalnye-sariki-i-trenazery-intimnyx-mysc;существует;2;вагинальные шарики купить;109;Вагинальные шарики и тренажёры интимных мышц | Pecado;Вагинальные шарики и тренажёры Кегеля для интимных мышц. Анонимная доставка по России, конфиденциальная упаковка. В наличии.;вагинальные шарики купить, вагинальные шарики, тренажер интимных мышц, шарики кегеля;Вагинальные шарики и тренажёры интимных мышц
/categories/vaginalnye-sariki;существует;1;вагинальные шарики купить;109;Вагинальные шарики — купить со смещённым центром | Pecado;Вагинальные шарики: одинарные, двойные, со смещённым центром тяжести. Анонимная доставка по России. В наличии.;вагинальные шарики купить, вагинальные шарики, шарики со смещенным центром;Вагинальные шарики
/categories/trenazery-intimnyx-mysc;существует;2;тренажер интимных мышц купить;10;Тренажёры интимных мышц — купить тренажёр Кегеля | Pecado;Тренажёры интимных мышц и Кегеля, в том числе смарт. Анонимная доставка по России. В наличии, выгодные цены.;тренажер интимных мышц купить, тренажер кегеля, вагинальный тренажер;Тренажёры интимных мышц
/categories/menstrualnye-casi;существует;2;менструальная чаша купить;281;Менструальные чаши — купить с доставкой | Pecado;Менструальные чаши разных размеров, гипоаллергенный силикон. Анонимная доставка по России, конфиденциальная упаковка. В наличии.;менструальная чаша купить, менструальная чаша, менструальная капа;Менструальные чаши
/categories/elektrostimuliaciia;существует;—;электростимулятор интимный;10;Электростимуляция — купить наборы и электроды | Pecado;Товары для электростимуляции: блоки, электроды, насадки. Анонимная доставка по России, конфиденциальная упаковка. В наличии.;электростимулятор интимный, электростимуляция, набор для электростимуляции;Электростимуляция
/categories/elektrostimuliatory;существует;—;электростимулятор купить;5;Электростимуляторы — купить блок и электроды | Pecado;Блоки электростимуляции и аксессуары. Анонимная доставка по России. В наличии.;электростимулятор купить, блок электростимуляции;Электростимуляторы
/categories/seks-masiny-i-aksessuary-dlia-seksa;существует;2;секс машина купить;30;Секс-машины и аксессуары для секса — купить | Pecado;Секс-машины и аксессуары: фиксаторы поз, подушки для секса. Анонимная доставка по России, конфиденциальная упаковка. В наличии.;секс машина купить, секс машина, аксессуары для секса, подушка для секса;Секс-машины и аксессуары для секса
/categories/seks-masiny;существует;2;купить секс машину;19;Секс-машины — купить с доставкой | Pecado;Секс-машины с регулировкой скорости и сменными насадками. Анонимная доставка по России, конфиденциальная упаковка. В наличии.;купить секс машину, секс машина, секс машина с насадками;Секс-машины
/categories/aksessuary-dlia-seks-masin;существует;—;насадки для секс машины;5;Аксессуары для секс-машин — насадки | Pecado;Сменные насадки и крепления для секс-машин. Анонимная доставка по России. В наличии.;насадки для секс машины, аксессуары для секс машин;Аксессуары для секс-машин
/categories/seks-mebel;существует;2;секс мебель купить;15;Секс-мебель — купить с доставкой | Pecado;Секс-мебель: подушки, валики, фиксаторы поз. Анонимная доставка по России, конфиденциальная упаковка. В наличии.;секс мебель купить, подушка для секса, валик для секса, мебель для секса;Секс-мебель
/categories/ekstendery-i-aksessuary;существует;2;экстендер для члена купить;20;Экстендеры для члена и аксессуары — купить | Pecado;Экстендеры для увеличения члена и аксессуары к ним. Анонимная доставка по России, конфиденциальная упаковка. В наличии.;экстендер для члена купить, экстендер, увеличение члена, экстендер для пениса;Экстендеры и аксессуары
/categories/ekstendery;существует;1;экстендер купить;20;Экстендеры — купить экстендер для члена | Pecado;Экстендеры для увеличения и выпрямления члена. Анонимная доставка по России, конфиденциальная упаковка. В наличии.;экстендер купить, экстендер для члена, экстендер для пениса;Экстендеры
/categories/aksessuary-dlia-ekstenderov;существует;—;аксессуары для экстендеров;5;Аксессуары для экстендеров — купить | Pecado;Сменные части и аксессуары для экстендеров. Анонимная доставка по России. В наличии.;аксессуары для экстендеров, части для экстендера;Аксессуары для экстендеров
/categories/protezy;существует;—;протез члена купить;15;Протезы — фаллопротезы и грудные протезы | Pecado;Фаллопротезы и грудные протезы. Анонимная доставка по России, конфиденциальная упаковка. В наличии.;протез члена купить, фаллопротез, грудной протез;Протезы
/categories/falloprotezy;существует;1;фаллопротез купить;10;Фаллопротезы — купить с доставкой | Pecado;Фаллопротезы для увеличения и при эрекционной дисфункции. Анонимная доставка по России, конфиденциальная упаковка. В наличии.;фаллопротез купить, протез члена, полый фаллопротез;Фаллопротезы
/categories/grudnye-protezy;существует;—;грудной протез купить;10;Грудные протезы — купить с доставкой | Pecado;Грудные протезы и накладки. Анонимная доставка по России, конфиденциальная упаковка. В наличии.;грудной протез купить, накладная грудь, силиконовая грудь;Грудные протезы
/categories/xranenie-i-uxod-za-seks-igruskami;существует;—;уход за секс игрушками;10;Хранение и уход за секс-игрушками — купить | Pecado;Антисептики, очистители и кейсы для хранения секс-игрушек. Анонимная доставка по России. В наличии.;уход за секс игрушками, очиститель игрушек, антисептик для игрушек, хранение секс игрушек;Хранение и уход за секс-игрушками
/categories/sredstva-dlia-uxoda-za-seks-igruskami;существует;—;очиститель для игрушек купить;5;Средства для ухода за игрушками — купить | Pecado;Очистители и антисептики для секс-игрушек. Анонимная доставка по России. В наличии.;очиститель для игрушек купить, антисептик для игрушек, уход за игрушками;Средства для ухода за игрушками
/categories/antiseptiki;существует;—;антисептик для игрушек;5;Антисептики для секс-игрушек — купить | Pecado;Антисептики и дезинфекторы для интимных игрушек. Анонимная доставка по России. В наличии.;антисептик для игрушек, дезинфектор для игрушек;Антисептики
/categories/elementy-pitaniia-i-zariadnye-ustroistva;существует;—;зарядное для игрушки;5;Элементы питания и зарядные устройства — купить | Pecado;Батарейки и зарядные устройства для секс-игрушек. Анонимная доставка по России. В наличии.;зарядное для игрушки, батарейки для игрушек, зарядка для вибратора;Элементы питания и зарядные устройства
/categories/elementy-pitaniia;существует;—;батарейки для игрушек;5;Элементы питания — батарейки для игрушек | Pecado;Батарейки для секс-игрушек и вибраторов. Анонимная доставка по России. В наличии.;батарейки для игрушек, элементы питания;Элементы питания
/categories/zariadnye-ustroistva;существует;—;зарядка для вибратора;5;Зарядные устройства для игрушек — купить | Pecado;Зарядные устройства и USB-кабели для секс-игрушек. Анонимная доставка по России. В наличии.;зарядка для вибратора, зарядное устройство для игрушки;Зарядные устройства
/categories/geli-smazki-i-lubrikanty;существует;3;лубрикант купить;463;Гели, смазки и лубриканты — купить интимную смазку | Pecado;Интимные смазки и лубриканты: на водной основе, силиконовые, анальные, съедобные. Анонимная доставка по России. В наличии.;лубрикант купить, купить интимную смазку, гель смазка купить, лубрикант на водной основе, анальная смазка купить;Гели, смазки и лубриканты
/categories/geli-i-smazki-dlia-vaginalnogo-seksa;существует;1;купить интимную смазку;247;Смазки для вагинального секса — купить | Pecado;Интимные смазки для вагинального секса: на водной основе, увлажняющие. Анонимная доставка по России, конфиденциальная упаковка. В наличии.;купить интимную смазку, смазка на водной основе, вагинальная смазка, лубрикант для секса;Смазки для вагинального секса
/categories/geli-i-smazki-dlia-analnogo-seksa;существует;1;купить анальную смазку;200;Смазки для анального секса — купить лубрикант | Pecado;Анальные смазки и лубриканты: с расслабляющим эффектом, силиконовые. Анонимная доставка по России. В наличии.;купить анальную смазку, анальный лубрикант, смазка для анального секса, анальная смазка;Смазки для анального секса
/categories/geli-i-smazki-dlia-seks-igrusek;существует;2;смазка для игрушек на водной основе;15;Смазки для секс-игрушек — на водной основе | Pecado;Смазки на водной основе для секс-игрушек, безопасные для силикона. Анонимная доставка по России. В наличии.;смазка для игрушек на водной основе, смазка для игрушек, лубрикант на водной основе;Смазки для секс-игрушек
/categories/sieedobnye-geli-i-smazki;существует;1;съедобная смазка купить;41;Съедобные гели и смазки — купить со вкусом | Pecado;Съедобные смазки и лубриканты со вкусами для орального секса. Анонимная доставка по России, конфиденциальная упаковка. В наличии.;съедобная смазка купить, съедобный лубрикант, смазка со вкусом, оральный лубрикант;Съедобные гели и смазки
/categories/intimnaia-kosmetika;существует;3;интимная косметика купить;100;Интимная косметика — кремы, масла, феромоны | Pecado;Интимная косметика: возбуждающие кремы, пролонгаторы, феромоны, массажные масла. Анонимная доставка по России. В наличии.;интимная косметика купить, возбуждающий крем, пролонгатор, духи с феромонами, массажное масло;Интимная косметика
/categories/kremy-prolongatory;существует;1;пролонгатор купить;71;Кремы-пролонгаторы — купить для продления акта | Pecado;Кремы и спреи-пролонгаторы для продления полового акта. Анонимная доставка по России, конфиденциальная упаковка. В наличии.;пролонгатор купить, спрей пролонгатор, крем пролонгатор, продление акта;Кремы-пролонгаторы
/categories/oralnye-sprei;существует;2;оральный спрей пролонгатор;10;Оральные спреи — освежающие и пролонгаторы | Pecado;Оральные спреи: освежающие и для продления. Анонимная доставка по России, конфиденциальная упаковка. В наличии.;оральный спрей пролонгатор, оральный спрей, спрей для минета;Оральные спреи
/categories/kremy-vozbuzdaiushhie;существует;1;возбуждающий крем купить;30;Возбуждающие кремы и гели — купить | Pecado;Возбуждающие кремы и гели для женщин и мужчин. Анонимная доставка по России, конфиденциальная упаковка. В наличии.;возбуждающий крем купить, возбуждающий гель для женщин, возбуждающий гель, стимулирующий крем;Возбуждающие кремы
/categories/kremy-dlia-stimuliacii-i-korrekcii-razmerov;существует;2;крем для увеличения члена купить;90;Кремы для стимуляции и коррекции размеров | Pecado;Кремы для стимуляции и увеличения члена и груди. Анонимная доставка по России, конфиденциальная упаковка. В наличии.;крем для увеличения члена купить, крем для увеличения, гель для увеличения члена;Кремы для стимуляции и коррекции размеров
/categories/kremy-dlia-uveliceniia-penisa;существует;1;крем для увеличения члена купить;90;Кремы для увеличения пениса — купить | Pecado;Кремы и гели для увеличения пениса. Анонимная доставка по России, конфиденциальная упаковка. В наличии.;крем для увеличения члена купить, крем для увеличения пениса, гель для увеличения члена;Кремы для увеличения пениса
/categories/kremy-dlia-uveliceniia-grudi;существует;2;крем для увеличения груди купить;20;Кремы для увеличения груди — купить | Pecado;Кремы для увеличения и упругости груди. Анонимная доставка по России, конфиденциальная упаковка. В наличии.;крем для увеличения груди купить, крем для груди, крем для упругости груди;Кремы для увеличения груди
/categories/kremy-s-effektom-suzeniia;существует;2;крем для сужения влагалища;12;Кремы с эффектом сужения — купить | Pecado;Кремы и гели с эффектом сужения влагалища. Анонимная доставка по России, конфиденциальная упаковка. В наличии.;крем для сужения влагалища, гель для сужения, сужающий крем;Кремы с эффектом сужения
/categories/sredstva-dlia-massaza;существует;2;массажное масло купить;87;Средства для массажа — масла, свечи, гели | Pecado;Средства для эротического массажа: масла, гели, массажные свечи. Анонимная доставка по России. В наличии.;массажное масло купить, массажная свеча купить, масло для массажа, гель для массажа;Средства для массажа
/categories/massaznye-sveci;существует;1;массажная свеча купить;87;Массажные свечи — купить с доставкой | Pecado;Массажные свечи для эротического массажа с аромамаслами. Анонимная доставка по России, конфиденциальная упаковка. В наличии.;массажная свеча купить, массажные свечи, свеча для массажа;Массажные свечи
/categories/geli-i-masla-massaznye;существует;1;массажное масло купить;87;Гели и масла для массажа — купить | Pecado;Массажные гели и масла для тела и эротического массажа. Анонимная доставка по России. В наличии.;массажное масло купить, массажный гель, масло для эротического массажа;Гели и масла массажные
/categories/sieedobnye-massaznye-sredstva;существует;—;съедобное массажное масло;10;Съедобные массажные средства — купить | Pecado;Съедобные массажные масла и гели со вкусами. Анонимная доставка по России, конфиденциальная упаковка. В наличии.;съедобное массажное масло, съедобный массажный гель, массажное масло со вкусом;Съедобные массажные средства
/categories/kosmetika-s-feromonami;существует;2;духи с феромонами купить;91;Косметика с феромонами — духи, спреи | Pecado;Косметика с феромонами: духи, сухие духи, эссенции, концентраты. Анонимная доставка по России. В наличии.;духи с феромонами купить, косметика с феромонами, феромоны для женщин, феромоны для мужчин;Косметика с феромонами
/categories/duxi-s-feromonami;существует;1;духи с феромонами купить;91;Духи с феромонами — мужские и женские | Pecado;Духи с феромонами для женщин и мужчин для привлечения. Анонимная доставка по России, конфиденциальная упаковка. В наличии.;духи с феромонами купить, женские духи с феромонами, мужские духи с феромонами, феромоны;Духи с феромонами
/categories/suxie-duxi-s-feromonami;существует;2;сухие духи с феромонами;13;Сухие духи с феромонами — купить | Pecado;Сухие духи с феромонами в твёрдой форме. Анонимная доставка по России, конфиденциальная упаковка. В наличии.;сухие духи с феромонами, твердые духи с феромонами, феромоны;Сухие духи с феромонами
/categories/essenciia-s-feromonami;существует;2;эссенция с феромонами;13;Эссенции с феромонами — концентрат, купить | Pecado;Эссенции с феромонами для добавления в духи. Анонимная доставка по России, конфиденциальная упаковка. В наличии.;эссенция с феромонами, концентрат феромонов, добавка феромоны;Эссенции с феромонами
/categories/losyony-s-feromonami;существует;—;лосьон с феромонами;8;Лосьоны с феромонами — купить | Pecado;Лосьоны и кремы с феромонами для тела. Анонимная доставка по России. В наличии.;лосьон с феромонами, крем с феромонами;Лосьоны с феромонами
/categories/koncentraty-feromonov;существует;—;концентрат феромонов;8;Концентраты феромонов — купить | Pecado;Концентраты феромонов для духов и косметики. Анонимная доставка по России. В наличии.;концентрат феромонов, эссенция феромонов;Концентраты феромонов
/categories/sieedobnaia-kosmetika;существует;2;съедобная косметика купить;15;Съедобная косметика — гели, краски, вибраторы | Pecado;Съедобная интимная косметика: гели, краски для тела, жидкие вибраторы. Анонимная доставка по России. В наличии.;съедобная косметика купить, съедобная косметика, краска для тела съедобная, жидкий вибратор;Съедобная косметика
/categories/sieedobnye-zidkie-vibratory;существует;1;жидкий вибратор купить;494;Жидкие вибраторы (съедобные) — купить | Pecado;Жидкие вибраторы — гели с эффектом вибрации и вкусом. Анонимная доставка по России, конфиденциальная упаковка. В наличии.;жидкий вибратор купить, жидкий вибратор, гель с эффектом вибрации;Жидкие вибраторы
/categories/bleski-dlia-gub;существует;—;возбуждающий блеск для губ;5;Блески для губ с эффектом — купить | Pecado;Возбуждающие и согревающие блески для губ. Анонимная доставка по России. В наличии.;возбуждающий блеск для губ, блеск для губ с эффектом;Блески для губ
/categories/procaia-sieedobnaia-kosmetika;существует;—;съедобная косметика;15;Прочая съедобная косметика — купить | Pecado;Прочая съедобная интимная косметика. Анонимная доставка по России. В наличии.;съедобная косметика, съедобные сладости интим;Прочая съедобная косметика
/categories/sredstva-dlia-intimnoi-gigieny;существует;2;средства для интимной гигиены;20;Средства для интимной гигиены — купить | Pecado;Средства для интимной гигиены: гели, влажные салфетки, очищающие. Анонимная доставка по России. В наличии.;средства для интимной гигиены, гель для интимной гигиены, интимная гигиена;Средства для интимной гигиены
/categories/kosmetika-dlia-vanny-i-dusa;существует;—;косметика для ванны;5;Косметика для ванны и душа — купить | Pecado;Интимная косметика для ванны и душа: пены, соли, гели. Анонимная доставка по России. В наличии.;косметика для ванны, гель для душа интим, соль для ванны;Косметика для ванны и душа
/categories/nabory-kosmetiki;существует;—;набор интимной косметики;5;Наборы интимной косметики — купить | Pecado;Подарочные наборы интимной косметики. Анонимная доставка по России, конфиденциальная упаковка. В наличии.;набор интимной косметики, подарочный набор косметики;Наборы косметики
/categories/duxi;существует;—;духи афродизиаки купить;92;Духи с афродизиаками — купить | Pecado;Парфюм с афродизиаками и феромонами. Анонимная доставка по России, конфиденциальная упаковка. В наличии.;духи афродизиаки купить, парфюм с феромонами, духи афродизиак;Духи
/categories/kremy-i-losyony;существует;—;интимный крем купить;10;Кремы и лосьоны интимные — купить | Pecado;Интимные кремы и лосьоны для тела и ухода. Анонимная доставка по России. В наличии.;интимный крем купить, интимный лосьон, крем для тела интим;Кремы и лосьоны
/categories/relaks-sredstva;существует;—;релакс средства интим;5;Релакс-средства — купить с доставкой | Pecado;Релакс-средства для расслабления и настроения. Анонимная доставка по России. В наличии.;релакс средства интим, средства для расслабления;Релакс-средства
/categories/osveziteli-vozduxa;существует;—;освежитель воздуха интим;5;Освежители воздуха — купить с доставкой | Pecado;Освежители воздуха и ароматизаторы для атмосферы. Анонимная доставка по России. В наличии.;освежитель воздуха интим, ароматизатор для спальни;Освежители воздуха
/categories/prezervativy;существует;3;купить презервативы;1971;Презервативы — купить с доставкой, большой выбор | Pecado;Презервативы: классические, ультратонкие, с усиками, XXL, разных брендов. Анонимная доставка по России, конфиденциальная упаковка.;купить презервативы, презервативы тонкие, презервативы durex, презервативы contex, ультратонкие презервативы;Презервативы
/categories/klassiceskie-prezervativy;существует;1;классические презервативы купить;132;Классические презервативы — купить с доставкой | Pecado;Классические гладкие латексные презервативы разных брендов. Анонимная доставка по России, конфиденциальная упаковка. В наличии.;классические презервативы купить, гладкие презервативы, латексные презервативы, тонкие презервативы;Классические презервативы
/categories/relefnye-i-fantaziinye-prezervativy;существует;1;рельефные презервативы купить;116;Рельефные и фантазийные презервативы — купить | Pecado;Рельефные презервативы с усиками, шипами, точками и со вкусами. Анонимная доставка по России. В наличии.;рельефные презервативы купить, презервативы с усиками, презервативы с шипами, презервативы со вкусами;Рельефные и фантазийные презервативы
/categories/prezervativy-dlia-igrusek;существует;—;презервативы для игрушек;5;Презервативы для игрушек — купить | Pecado;Презервативы-насадки для секс-игрушек. Анонимная доставка по России. В наличии.;презервативы для игрушек, насадка на игрушку, презерватив для вибратора;Презервативы для игрушек
/categories/bady-i-pishhevye-koncentraty;существует;3;возбудитель купить;450;БАДы и возбудители — для мужчин и женщин | Pecado;БАДы, возбудители и афродизиаки для мужчин и женщин: капли, таблетки, концентраты. Анонимная доставка по России. В наличии.;возбудитель купить, женский возбудитель купить, афродизиак купить, бады для потенции, возбуждающие капли;БАДы и пищевые концентраты
/categories/bady-dlia-zenshhin;существует;1;женский возбудитель купить;386;БАДы для женщин — возбудители, афродизиаки | Pecado;Женские возбудители и БАДы: капли, шпанская мушка, афродизиаки. Анонимная доставка по России, конфиденциальная упаковка. В наличии.;женский возбудитель купить, возбудитель для женщин, женские возбуждающие капли, шпанская мушка купить;БАДы для женщин
/categories/bady-dlia-muzcin;существует;1;бады для потенции купить;74;БАДы для мужчин — для потенции, купить | Pecado;БАДы для мужчин: для потенции и либидо, возбудители. Анонимная доставка по России, конфиденциальная упаковка. В наличии.;бады для потенции купить, возбудитель для мужчин, таблетки для потенции, мужской возбудитель;БАДы для мужчин
/categories/bady-uniseks;существует;2;афродизиак купить;450;БАДы унисекс — афродизиаки для двоих | Pecado;БАДы и афродизиаки унисекс для мужчин и женщин. Анонимная доставка по России, конфиденциальная упаковка. В наличии.;афродизиак купить, возбудитель унисекс, афродизиак для двоих, возбуждающие капли для двоих;БАДы унисекс
/categories/pishhevoi-koncentrat-dlia-zenshhin;существует;1;возбуждающие капли для женщин;180;Пищевые концентраты для женщин — капли | Pecado;Возбуждающие капли и концентраты для женщин. Анонимная доставка по России, конфиденциальная упаковка. В наличии.;возбуждающие капли для женщин, женский возбудитель в каплях, капли для возбуждения;Пищевые концентраты для женщин
/categories/pishhevoi-koncentrat-dlia-muzcin;существует;1;возбуждающие капли для мужчин;43;Пищевые концентраты для мужчин — капли | Pecado;Возбуждающие капли и концентраты для мужчин. Анонимная доставка по России, конфиденциальная упаковка. В наличии.;возбуждающие капли для мужчин, мужской возбудитель в каплях, капли для потенции;Пищевые концентраты для мужчин
/categories/pishhevoi-koncentrat-uniseks;существует;2;возбуждающие капли купить;350;Пищевые концентраты унисекс — капли | Pecado;Возбуждающие капли унисекс для двоих. Анонимная доставка по России, конфиденциальная упаковка. В наличии.;возбуждающие капли купить, капли для возбуждения, афродизиак в каплях, капли для двоих;Пищевые концентраты унисекс
/categories/bele-i-odezda;существует;2;эротическое белье купить;238;Эротическое бельё и одежда — купить | Pecado;Эротическое бельё и одежда: комплекты, корсеты, чулки, костюмы. Анонимная доставка по России, конфиденциальная упаковка. В наличии.;эротическое белье купить, женское эротическое белье, эротический комплект, корсет купить;Бельё и одежда
/categories/zenskoe-niznee-bele;существует;1;женское эротическое белье купить;327;Женское нижнее бельё — эротическое, купить | Pecado;Женское эротическое нижнее бельё: комплекты, боди, с доступом, больших размеров. Анонимная доставка по России. В наличии.;женское эротическое белье купить, эротическое нижнее белье, эротический комплект, белье с доступом;Женское нижнее бельё
/categories/zenskaia-odezda-i-bele;существует;2;эротическая одежда женская;46;Женская эротическая одежда и бельё — купить | Pecado;Женская эротическая одежда и бельё: платья, костюмы, бодистокинги. Анонимная доставка по России. В наличии.;эротическая одежда женская, эротическое платье, женский эротический костюм;Женская одежда и бельё
/categories/muzskaia-odezda-i-bele;существует;2;мужское эротическое белье;31;Мужское эротическое бельё и одежда — купить | Pecado;Мужское эротическое бельё и одежда: трусы, комплекты, костюмы. Анонимная доставка по России. В наличии.;мужское эротическое белье, эротическое белье для мужчин, мужские эротические трусы;Мужская одежда и бельё
/categories/korsety-topy;существует;2;корсет эротический купить;20;Корсеты и топы — эротические, купить | Pecado;Эротические корсеты и топы, в том числе больших размеров. Анонимная доставка по России. В наличии.;корсет эротический купить, корсет купить, эротический топ, корсет с доступом;Корсеты и топы
/categories/culki-i-kolgotki;существует;2;эротические чулки купить;30;Чулки и колготки — эротические, купить | Pecado;Эротические чулки, колготки и чулки с поясом. Анонимная доставка по России, конфиденциальная упаковка. В наличии.;эротические чулки купить, чулки с поясом, эротические колготки, чулки сетка;Чулки и колготки
/categories/culki;существует;1;чулки эротические купить;20;Чулки — эротические и в сетку, купить | Pecado;Эротические чулки: классические, в сетку, со стрелкой. Анонимная доставка по России. В наличии.;чулки эротические купить, чулки в сетку, эротические чулки;Чулки
/categories/culki-s-poiasom;существует;1;чулки с поясом купить;15;Чулки с поясом — купить комплект | Pecado;Чулки с поясом и комплекты для подвязок. Анонимная доставка по России, конфиденциальная упаковка. В наличии.;чулки с поясом купить, комплект чулки с поясом, чулки на поясе;Чулки с поясом
/categories/kolgotki;существует;2;эротические колготки купить;15;Эротические колготки — в сетку, купить | Pecado;Эротические колготки: в сетку, с рисунком, с доступом. Анонимная доставка по России. В наличии.;эротические колготки купить, колготки в сетку, колготки с доступом;Эротические колготки
/categories/bodi-i-kombinezony;существует;2;эротическое боди купить;20;Боди и комбинезоны — эротические, купить | Pecado;Эротические боди и комбинезоны, бодистокинги в сетку. Анонимная доставка по России. В наличии.;эротическое боди купить, боди в сетку, эротический комбинезон, бодистокинг;Боди и комбинезоны
/categories/trusy-z;существует;1;эротические трусики купить;30;Эротические трусики женские — купить | Pecado;Эротические женские трусики: с доступом, стринги, кружевные. Анонимная доставка по России, конфиденциальная упаковка. В наличии.;эротические трусики купить, женские эротические трусики, трусики с доступом, кружевные трусики;Женские трусики
/categories/trusy-m;существует;2;мужские эротические трусы;15;Мужские эротические трусы — купить | Pecado;Мужские эротические трусы: стринги, боксеры, с открытым доступом. Анонимная доставка по России. В наличии.;мужские эротические трусы, эротические трусы мужские, мужские стринги;Мужские трусы
/categories/trusy-s-poiasom-dlia-culok;существует;—;трусы с поясом для чулок;8;Трусы с поясом для чулок — купить | Pecado;Трусики с поясом для чулок и подвязками. Анонимная доставка по России. В наличии.;трусы с поясом для чулок, трусики с подвязками, пояс для чулок;Трусы с поясом для чулок
/categories/eroticeskie-platia-iubki;существует;2;эротическое платье купить;30;Эротические платья и юбки — купить | Pecado;Эротические платья и юбки, в том числе в сетку и с доступом. Анонимная доставка по России. В наличии.;эротическое платье купить, эротическая юбка, платье в сетку;Эротические платья и юбки
/categories/kombinacii-nocnye-sorocki-peniuary;существует;2;пеньюар купить;20;Пеньюары, ночные сорочки, комбинации — купить | Pecado;Пеньюары, ночные сорочки и комбинации эротические. Анонимная доставка по России, конфиденциальная упаковка. В наличии.;пеньюар купить, ночная сорочка эротическая, эротическая комбинация;Пеньюары и сорочки
/categories/igrovye-kostiumy-z;существует;1;эротический костюм купить;37;Игровые костюмы женские — эротические | Pecado;Эротические ролевые костюмы для женщин: медсестра, школьница, горничная. Анонимная доставка по России. В наличии.;эротический костюм купить, ролевой костюм, костюм медсестры эротический, женский игровой костюм;Игровые костюмы женские
/categories/igrovye-kostiumy-m;существует;2;мужской эротический костюм;15;Игровые костюмы мужские — эротические | Pecado;Эротические ролевые костюмы для мужчин. Анонимная доставка по России, конфиденциальная упаковка. В наличии.;мужской эротический костюм, ролевой костюм мужской, костюм для ролевых игр;Игровые костюмы мужские
/categories/kostiumy-i-platia-v-setku;существует;2;костюм в сетку купить;15;Костюмы и платья в сетку — купить | Pecado;Эротические костюмы и платья в сетку (бодистокинг). Анонимная доставка по России. В наличии.;костюм в сетку купить, платье в сетку, бодистокинг купить;Костюмы и платья в сетку
/categories/komplekty-odezdy-i-belia-z;существует;2;эротический комплект белья;38;Комплекты женского белья и одежды — купить | Pecado;Эротические комплекты женского белья и одежды. Анонимная доставка по России, конфиденциальная упаковка. В наличии.;эротический комплект белья, комплект эротического белья, женский комплект белья;Комплекты женской одежды и белья
/categories/komplekty-odezdy-i-belia-m;существует;—;мужской комплект белья эротический;8;Комплекты мужской одежды и белья — купить | Pecado;Эротические комплекты мужского белья и одежды. Анонимная доставка по России. В наличии.;мужской комплект белья эротический, комплект мужского белья;Комплекты мужской одежды и белья
/categories/babocki;существует;—;эротическая бабочка белье;8;Эротические бабочки (бельё) — купить | Pecado;Эротическое бельё-бабочка с открытым доступом. Анонимная доставка по России. В наличии.;эротическая бабочка белье, белье бабочка, трусики бабочка;Бабочки
/categories/aksessuary-dlia-belia-i-odezdy;существует;—;аксессуары для белья;5;Аксессуары для белья и одежды — купить | Pecado;Аксессуары для белья: подвязки, пояса, перчатки. Анонимная доставка по России. В наличии.;аксессуары для белья, подвязки, пояс для чулок;Аксессуары для белья и одежды
/categories/obuv;существует;—;эротическая обувь купить;10;Эротическая обувь — туфли, сапоги | Pecado;Эротическая обувь: туфли и сапоги на высоком каблуке. Анонимная доставка по России. В наличии.;эротическая обувь купить, туфли на каблуке, сапоги эротические;Эротическая обувь
/categories/tufli;существует;—;эротические туфли купить;5;Эротические туфли на каблуке — купить | Pecado;Эротические туфли на высоком каблуке и платформе. Анонимная доставка по России. В наличии.;эротические туфли купить, туфли на каблуке, туфли для образа;Туфли
/categories/sapogi;существует;—;эротические сапоги купить;5;Эротические сапоги на каблуке — купить | Pecado;Эротические сапоги на высоком каблуке. Анонимная доставка по России. В наличии.;эротические сапоги купить, сапоги на каблуке, сапоги эротические;Сапоги
/categories/ukraseniia-na-ruki-nogi;существует;—;украшения на руки и ноги;5;Украшения на руки и ноги — купить | Pecado;Эротические украшения на руки и ноги: браслеты, подвязки. Анонимная доставка по России. В наличии.;украшения на руки и ноги, браслеты эротические, подвязка на ногу;Украшения на руки и ноги
/categories/ukraseniia-na-golovu-seiu-lico;существует;—;украшения на голову и шею;5;Украшения на голову, шею, лицо — купить | Pecado;Эротические украшения на голову, шею и лицо: чокеры, маски. Анонимная доставка по России. В наличии.;украшения на голову и шею, чокер, украшение на лицо;Украшения на голову, шею, лицо
/categories/ukraseniia-na-grud;существует;—;украшения на грудь;5;Украшения на грудь — пэстисы, купить | Pecado;Эротические украшения на грудь: пэстисы, наклейки, цепочки. Анонимная доставка по России. В наличии.;украшения на грудь, пэстисы купить, наклейки на соски;Украшения на грудь
/categories/bdsm-fetis;существует;2;бдсм товары купить;100;БДСМ и фетиш — наручники, ошейники, плети | Pecado;БДСМ-товары: наручники, ошейники, кляпы, плети, маски, фиксация. Анонимная доставка по России, конфиденциальная упаковка. В наличии.;бдсм товары купить, наручники купить, ошейник бдсм купить, кляп купить, плеть купить;БДСМ, фетиш
/categories/fiksaciia-i-bondaz;существует;2;наручники бдсм купить;37;Фиксация и бондаж — наручники, верёвки, оковы | Pecado;Товары для фиксации и бондажа: наручники, манжеты, верёвки, оковы, распорки. Анонимная доставка по России. В наличии.;наручники бдсм купить, бондаж купить, веревка для бондажа, оковы, фиксаторы бдсм;Фиксация и бондаж
/categories/narucniki-manzety;существует;1;наручники бдсм купить;37;Наручники и манжеты для секса — купить | Pecado;Наручники и манжеты для фиксации: кожаные, меховые, металлические. Анонимная доставка по России. В наличии.;наручники бдсм купить, наручники для секса купить, манжеты для фиксации, наручники с мехом;Наручники и манжеты
/categories/oseiniki-povodki;существует;1;ошейник бдсм купить;54;Ошейники и поводки БДСМ — купить | Pecado;Ошейники и поводки для БДСМ-игр: с шипами, кожаные, с поводком. Анонимная доставка по России, конфиденциальная упаковка. В наличии.;ошейник бдсм купить, ошейник с поводком, бдсм ошейник, ошейник для подчинения;Ошейники и поводки
/categories/verevki-lenty-dlia-bondaza;существует;1;веревка для бондажа купить;15;Верёвки и ленты для бондажа — купить | Pecado;Верёвки и ленты для бондажа и шибари. Анонимная доставка по России, конфиденциальная упаковка. В наличии.;веревка для бондажа купить, веревка для шибари, лента для бондажа, бондажная веревка;Верёвки и ленты для бондажа
/categories/nabory-dlia-fiksacii;существует;2;набор для фиксации бдсм;15;Наборы для фиксации — БДСМ комплекты | Pecado;Наборы для фиксации к кровати и БДСМ-комплекты. Анонимная доставка по России, конфиденциальная упаковка. В наличии.;набор для фиксации бдсм, бдсм набор купить, фиксация к кровати, комплект для бондажа;Наборы для фиксации
/categories/okovy-i-ponozi;существует;2;оковы для ног купить;10;Оковы и поножи — купить с доставкой | Pecado;Оковы и поножи для фиксации ног. Анонимная доставка по России, конфиденциальная упаковка. В наличии.;оковы для ног купить, поножи, кандалы бдсм, фиксаторы для ног;Оковы и поножи
/categories/rasporki;существует;2;распорка бдсм купить;10;Распорки — купить распорку для ног | Pecado;Распорки для фиксации ног и рук в БДСМ-играх. Анонимная доставка по России. В наличии.;распорка бдсм купить, распорка для ног, бондажная распорка;Распорки
/categories/udarnye-devaisy;существует;2;плеть купить;18;Ударные девайсы — плети, стеки, флоггеры | Pecado;Ударные девайсы для БДСМ: плети, стеки, флоггеры, шлёпалки. Анонимная доставка по России, конфиденциальная упаковка. В наличии.;плеть купить, флоггер купить, стек бдсм, шлепалка купить, кнут бдсм;Ударные девайсы
/categories/knuty-pleti-floggery;существует;1;флоггер купить;18;Кнуты, плети, флоггеры — купить с доставкой | Pecado;Кнуты, плети и флоггеры для БДСМ из кожи и замши. Анонимная доставка по России, конфиденциальная упаковка. В наличии.;флоггер купить, плеть купить, кнут бдсм, плеть флоггер;Кнуты, плети, флоггеры
/categories/steki-slepalki;существует;1;стек бдсм купить;10;Стеки и шлёпалки — купить с доставкой | Pecado;Стеки и шлёпалки (паддлы) для БДСМ-игр. Анонимная доставка по России, конфиденциальная упаковка. В наличии.;стек бдсм купить, шлепалка купить, паддл бдсм, стек для шлепков;Стеки и шлёпалки
/categories/shhekotalki-peria;существует;—;щекоталка перо купить;5;Щекоталки и перья — купить с доставкой | Pecado;Щекоталки и перья для чувственных игр. Анонимная доставка по России. В наличии.;щекоталка перо купить, перо для ласк, щекоталка;Щекоталки и перья
/categories/zazimy-dlia-soskov;существует;1;зажимы для сосков купить;30;Зажимы для сосков — купить с доставкой | Pecado;Зажимы для сосков и клитора с цепочкой и регулировкой. Анонимная доставка по России, конфиденциальная упаковка. В наличии.;зажимы для сосков купить, зажимы на соски, клипсы для сосков, зажим для клитора;Зажимы для сосков
/categories/kliapy;существует;2;кляп купить;56;Кляпы — купить кляп для рта | Pecado;Кляпы для БДСМ: шарик, расширители, с фаллосом. Анонимная доставка по России, конфиденциальная упаковка. В наличии.;кляп купить, кляп шарик купить, кляп в рот, кляп расширитель;Кляпы
/categories/kliapy-klassiceskie;существует;1;кляп шарик купить;56;Классические кляпы (шарик) — купить | Pecado;Классические кляпы-шарики на ремешке для рта. Анонимная доставка по России, конфиденциальная упаковка. В наличии.;кляп шарик купить, классический кляп, кляп с шариком, кляп в рот;Классические кляпы
/categories/kliapy-rassiriteli-trenzeli;существует;2;кляп расширитель купить;10;Кляпы-расширители и трензели — купить | Pecado;Кляпы-расширители и трензели для рта. Анонимная доставка по России, конфиденциальная упаковка. В наличии.;кляп расширитель купить, расширитель для рта, трензель кляп;Кляпы-расширители и трензели
/categories/kliapy-fallosy;существует;2;кляп с фаллосом купить;10;Кляпы-фаллосы — купить с доставкой | Pecado;Кляпы с фаллосом для орального подчинения. Анонимная доставка по России, конфиденциальная упаковка. В наличии.;кляп с фаллосом купить, кляп фаллос, кляп с членом;Кляпы-фаллосы
/categories/maski;существует;2;маска бдсм купить;30;Маски БДСМ — купить маску для глаз и лица | Pecado;БДСМ-маски: на глаза, на лицо, капюшоны. Анонимная доставка по России, конфиденциальная упаковка. В наличии.;маска бдсм купить, маска на глаза, бдсм маска, маска для лица бдсм;Маски
/categories/medicinskii-fetis;существует;2;медицинский фетиш купить;10;Медицинский фетиш — купить атрибуты | Pecado;Атрибуты медицинского фетиша: зеркала, уретральные стимуляторы, перчатки. Анонимная доставка по России. В наличии.;медицинский фетиш купить, уретральный стимулятор, медицинский фетиш, зеркало гинекологическое;Медицинский фетиш
/categories/bdsm-odezda;существует;2;бдсм одежда купить;14;БДСМ-одежда — портупеи, латекс, купить | Pecado;БДСМ-одежда: портупеи, латекс, винил, ролевые костюмы. Анонимная доставка по России, конфиденциальная упаковка. В наличии.;бдсм одежда купить, портупея бдсм купить, латексная одежда, бдсм костюм;БДСМ-одежда
/categories/portupei;существует;1;портупея бдсм купить;14;Портупеи — эротические и БДСМ, купить | Pecado;Эротические портупеи и хорнесы из кожи и ремней. Анонимная доставка по России, конфиденциальная упаковка. В наличии.;портупея бдсм купить, портупея эротическая купить, портупея хорнес, портупея на тело;Портупеи
/categories/bdsm-nabory-i-komplekty;существует;2;бдсм набор купить;15;БДСМ-наборы и комплекты — купить | Pecado;Готовые БДСМ-наборы для начинающих и опытных. Анонимная доставка по России, конфиденциальная упаковка. В наличии.;бдсм набор купить, набор бдсм для начинающих, комплект бдсм, бдсм аксессуары набор;БДСМ-наборы и комплекты
/categories/kaceli;существует;2;секс качели купить;15;Секс-качели — купить с доставкой | Pecado;Секс-качели подвесные и на дверь для новых поз. Анонимная доставка по России, конфиденциальная упаковка. В наличии.;секс качели купить, качели для секса, подвесные секс качели;Секс-качели
/categories/podarki-i-igry;существует;2;эротические игры купить;20;Подарки и игры для взрослых — купить | Pecado;Эротические игры, сувениры и подарочная упаковка для взрослых. Анонимная доставка по России. В наличии.;эротические игры купить, игры для взрослых, эротический подарок, эротические сувениры;Подарки и игры
/categories/eroticeskie-podarki-igry-i-suveniry;существует;2;эротический подарок купить;15;Эротические подарки, игры и сувениры | Pecado;Эротические подарки, настольные игры и сувениры для взрослых. Анонимная доставка по России. В наличии.;эротический подарок купить, эротические игры, игра для пары, эротический сувенир;Эротические подарки, игры и сувениры
/categories/podarocnaia-upakovka;существует;—;подарочная упаковка;5;Подарочная упаковка — купить с доставкой | Pecado;Подарочная упаковка для интимных товаров. Анонимная доставка по России. В наличии.;подарочная упаковка, упаковка для подарка, подарочный пакет;Подарочная упаковка
/categories/knigi-i-zurnaly;существует;—;книги для взрослых;5;Книги и журналы для взрослых — купить | Pecado;Книги и журналы для взрослых: о сексе и отношениях. Анонимная доставка по России. В наличии.;книги для взрослых, книги о сексе, эротические журналы;Книги и журналы
/categories/promotovary;существует;—;промотовары;5;Промотовары и подарки — Pecado;Промотовары, пробники и подарки к заказу. Анонимная доставка по России. В наличии.;промотовары, пробники, подарок к заказу;Промотовары
/brands/womanizer;существует;1;womanizer купить;61;Womanizer — купить вакуумные стимуляторы | Pecado;Womanizer — оригинальные вакуумно-волновые стимуляторы клитора. Анонимная доставка по России, конфиденциальная упаковка. В наличии.;womanizer купить, womanizer next, womanizer premium, вакуумный стимулятор womanizer;Womanizer
/brands/satisfyer;существует;1;satisfyer купить;25;Satisfyer — купить оригинал с доставкой | Pecado;Satisfyer — вакуумные стимуляторы и вибраторы. Оригинал, анонимная доставка по России, конфиденциальная упаковка. В наличии.;satisfyer купить, satisfyer pro 2, satisfyer pro, satisfyer вибратор;Satisfyer
/brands/fun-factory;существует;1;fun factory купить;30;Fun Factory — купить вибраторы и пульсаторы | Pecado;Fun Factory — премиальные вибраторы и пульсаторы Stronic. Оригинал, анонимная доставка по России. В наличии.;fun factory купить, fun factory stronic, пульсатор fun factory, fun factory вибратор;Fun Factory
/brands/svakom;существует;1;svakom купить;30;Svakom — купить смарт-игрушки с доставкой | Pecado;Svakom — вибраторы, мастурбаторы и смарт-игрушки. Оригинал, анонимная доставка по России. В наличии.;svakom купить, svakom sam neo, svakom вибратор, svakom мастурбатор;Svakom
/brands/tenga;существует;1;tenga купить;30;Tenga — купить мастурбаторы оригинал | Pecado;Tenga — японские мастурбаторы Spinner, Egg, Flip Hole. Оригинал, анонимная доставка по России. В наличии.;tenga купить, tenga spinner, tenga egg, мастурбатор tenga;Tenga
/brands/shunga;существует;1;shunga купить;30;Shunga — купить интимную косметику | Pecado;Shunga — съедобная косметика, массажные масла и афродизиаки. Оригинал, анонимная доставка по России. В наличии.;shunga купить, shunga масло, shunga косметика, массажное масло shunga;Shunga
